PAINEIS ,RÉGUA 15/3 X 125 X1200MM,RÉGUA 15/3 X 190 X 1900MM,RÉGUA 20/6 X 30CM X 4000MM,R$ RÉGUA 20/6 X 400 X 5000MM,X,X,X,X
,,,,,,,,
CARVALHO EUROPEU  NATURALLE ,"R$ 1.480,00","R$ 1.680,00","R$ 3.100,00","R$ 4.450,00",,,,
CARVALHO EUROPEU MONT BLANC,"R$ 1.480,00","R$ 1.680,00","R$ 3.100,00","R$ 4.450,00",,,,
CARVALHO EUROPEU  MARRONE,"R$ 1.480,00","R$ 1.680,00","R$ 3.100,00","R$ 4.450,00",,,,
CARVALHO EUROPEU CAPUCCINO,"R$ 1.480,00","R$ 1.680,00","R$ 3.100,00","R$ 4.450,00",,,,
CARVALHO EUROPEU  BABY GREY,"R$ 1.480,00","R$ 1.680,00","R$ 3.100,00","R$ 4.450,00",,,,
CARVALHO EUROPEU GRIGIO NERO ,"R$ 1.480,00","R$ 1.680,00","R$ 3.100,00","R$ 4.450,00",,,,
CARVALHO EUROPEU LIGHT BROWN ,"R$ 1.480,00","R$ 1.680,00","R$ 3.100,00","R$ 4.450,00",,,,
CARVALHO EUROPEU  MILANO,"R$ 1.480,00","R$ 1.680,00","R$ 3.100,00","R$ 4.450,00",,,,
CARVALHO EUROPEU SMOKED ,"R$ 1.480,00","R$ 1.680,00","R$ 3.100,00","R$ 4.450,00",,,,
CARVALHO EUROPEU  GIZ ,"R$ 1.480,00","R$ 1.680,00","R$ 3.100,00","R$ 4.450,00",,,,
CARVALHO EUROPEU SNOW ,"R$ 1.480,00","R$ 1.680,00","R$ 3.100,00","R$ 4.450,00",,,,
CARVALHO EUROPEU  ARMANI,"R$ 1.480,00","R$ 1.680,00","R$ 3.100,00","R$ 4.450,00",,,,
CARVALHO EUROPEU  NEVADO ,"R$ 1.480,00","R$ 1.680,00","R$ 3.100,00","R$ 4.450,00",,,,
CARVALHO EUROPEU ITALY BROWN ,"R$ 1.480,00","R$ 1.680,00","R$ 3.100,00","R$ 4.450,00",,,,
CARVALHO EUROPEU BATMAN,"R$ 1.480,00","R$ 1.680,00","R$ 3.100,00","R$ 4.450,00",,,,
NOGUEIRA WALNUT,"R$ 1.600,00","R$ 1.840,00","R$ 3.750,00","R$ 5.050,00",,,,