PISOS,RÉGUA 15/3 X 125 X1200MM,RÉGUA 15/3 X 190 X 1900MM,RÉGUA 20/6 X 30CM X 4000MM,R$ RÉGUA 20/6 X 400 X 5000MM,ESPINHA DE PEIXE  1/6X120X600MM A 950MM 20% DE PERDA ,ESPINHA DE PEIXE  1/6X190X600MM A950MM 20% DE PERDA,CHEVRON 15/3 X 125X 740MM 20% DE QUEBRA,CHEVRON 15/3 X 190X 740MM
CARVALHO EUROPEU  NATURALLE ,"R$ 1.180,00","R$ 1.380,00","R$ 2.850,00","R$ 4.200,00","R$ 1.380,00","R$ 1.450,00","R$ 1.450,00","R$ 1.550,00"
CARVALHO EUROPEU MONT BLANC,"R$ 1.180,00","R$ 1.380,00","R$ 2.850,00","R$ 4.200,00","R$ 1.380,00","R$ 1.450,00","R$ 1.450,00","R$ 1.550,00"
CARVALHO EUROPEU  MARRONE,"R$ 1.180,00","R$ 1.380,00","R$ 2.850,00","R$ 4.200,00","R$ 1.380,00","R$ 1.450,00","R$ 1.450,00","R$ 1.550,00"
CARVALHO EUROPEU CAPUCCINO,"R$ 1.180,00","R$ 1.380,00","R$ 2.850,00","R$ 4.200,00","R$ 1.380,00","R$ 1.450,00","R$ 1.450,00","R$ 1.550,00"
CARVALHO EUROPEU  BABY GREY,"R$ 1.180,00","R$ 1.380,00","R$ 2.850,00","R$ 4.200,00","R$ 1.380,00","R$ 1.450,00","R$ 1.450,00","R$ 1.550,00"
CARVALHO EUROPEU GRIGIO NERO ,"R$ 1.180,00","R$ 1.380,00","R$ 2.850,00","R$ 4.200,00","R$ 1.380,00","R$ 1.450,00","R$ 1.450,00","R$ 1.550,00"
CARVALHO EUROPEU LIGHT BROWN ,"R$ 1.180,00","R$ 1.380,00","R$ 2.850,00","R$ 4.200,00","R$ 1.380,00","R$ 1.450,00","R$ 1.450,00","R$ 1.550,00"
CARVALHO EUROPEU  MILANO,"R$ 1.180,00","R$ 1.380,00","R$ 2.850,00","R$ 4.200,00","R$ 1.380,00","R$ 1.450,00","R$ 1.450,00","R$ 1.550,00"
CARVALHO EUROPEU SMOKED ,"R$ 1.180,00","R$ 1.380,00","R$ 2.850,00","R$ 4.200,00","R$ 1.380,00","R$ 1.450,00","R$ 1.450,00","R$ 1.550,00"
CARVALHO EUROPEU  GIZ ,"R$ 1.180,00","R$ 1.380,00","R$ 2.850,00","R$ 4.200,00","R$ 1.380,00","R$ 1.450,00","R$ 1.450,00","R$ 1.550,00"
CARVALHO EUROPEU SNOW ,"R$ 1.180,00","R$ 1.380,00","R$ 2.850,00","R$ 4.200,00","R$ 1.380,00","R$ 1.450,00","R$ 1.450,00","R$ 1.550,00"
CARVALHO EUROPEU  ARMANI,"R$ 1.180,00","R$ 1.380,00","R$ 2.850,00","R$ 4.200,00","R$ 1.380,00","R$ 1.450,00","R$ 1.450,00","R$ 1.550,00"
CARVALHO EUROPEU  NEVADO ,"R$ 1.180,00","R$ 1.380,00","R$ 2.850,00","R$ 4.200,00","R$ 1.380,00","R$ 1.450,00","R$ 1.450,00","R$ 1.550,00"
CARVALHO EUROPEU ITALY BROWN ,"R$ 1.180,00","R$ 1.380,00","R$ 2.850,00","R$ 4.200,00","R$ 1.380,00","R$ 1.450,00","R$ 1.450,00","R$ 1.550,00"
CARVALHO EUROPEU BATMAN,"R$ 1.180,00","R$ 1.380,00","R$ 2.850,00","R$ 4.200,00","R$ 1.380,00","R$ 1.450,00","R$ 1.450,00","R$ 1.550,00"
NOGUEIRA WALNUT,"R$ 1.350,00","R$ 1.590,00","R$ 3.500,00","R$ 4.800,00","R$ 1.590,00","R$ 1.650,00","R$ 1.650,00","R$ 1.720,00"